<?xml version="1.0" encoding="UTF-8"?>
<project-private xmlns="http://www.netbeans.org/ns/project-private/1">
    <editor-bookmarks xmlns="http://www.netbeans.org/ns/editor-bookmarks/2" lastBookmarkId="0"/>
    <open-files xmlns="http://www.netbeans.org/ns/projectui-open-files/2">
        <group>
            <file>file:/D:/Kuliah/4.%20Sem%204/3.%20Prak%20PBO/Login/src/login/Logout.java</file>
            <file>file:/D:/Kuliah/4.%20Sem%204/3.%20Prak%20PBO/Login/src/login/TugasLogin.java</file>
        </group>
    </open-files>
</project-private>
